Symbol,Name,Last,Change,%Chg,High,Low,Volume,Time,Sector
AAOI,Applied Optoelect,6.11,0.43,+7.57%,6.23,5.61,990600,03/13/20,Technology
AAON,Aaon Inc,52.1,10.83,+26.24%,52.74,41.99,591800,03/13/20,Industrials
AAT,American Assets Trust,33.67,3.25,+10.68%,34.09,29.96,672600,03/13/20,Real Estate
AAWW,Atlas Air Ww,17.9,1.48,+9.05%,18.17,14.97,1518700,03/13/20,Industrials
ABCB,Ameris Bancorp,25.69,1.6,+6.64%,26.54,23.01,1127800,03/13/20,Financial Services
ABG,Asbury Automotive Group Inc,55.11,-3.59,-6.12%,61.84,52.95,317300,03/13/20,Consumer Cyclical
ABM,ABM Industries Incorporated,27.28,3.11,+12.87%,27.29,24.66,613300,03/13/20,Industrials
ABTX,Allegiance Banc CS,26.52,2.07,+8.47%,26.84,24.83,157400,03/13/20,Financial Services
ACA,Arcosa Inc,37.18,4.25,+12.91%,37.18,34.02,445000,03/13/20,Industrials
ACLS,Axcelis Tech Inc,20.21,1.14,+5.98%,20.36,18.49,486400,03/13/20,Technology
ACOR,Acorda Therapeutics,0.87,0.02,+2.35%,0.95,0.77,1103700,03/13/20,Healthcare
ADC,Agree Realty Corp,72.79,5.09,+7.52%,73.0,68.36,1007700,03/13/20,Real Estate
ADTN,Adtran Inc,6.39,0.11,+1.67%,6.67,5.99,354300,03/13/20,Technology
ADUS,Addus Homecare Corp,64.8,3.97,+6.53%,65.1,56.99,171500,03/13/20,Healthcare
AEGN,Aegion Corp,15.58,1.0,+6.86%,15.83,14.87,228000,03/13/20,Industrials
AEIS,Advanced Energy,46.24,2.64,+6.06%,47.14,41.31,521300,03/13/20,Technology
AEL,American Equity Investment Life,19.24,2.58,+15.49%,19.27,16.68,1151700,03/13/20,Financial Services
AGYS,Agilysys Inc,20.46,-0.38,-1.82%,22.05,18.9,537300,03/13/20,Technology
AHH,Armada Hoffler Properties Inc,12.77,1.06,+9.05%,12.79,11.4,542900,03/13/20,Real Estate
AIN,Albany International Corp,44.11,-1.38,-3.03%,48.17,42.96,632300,03/13/20,Consumer Cyclical
AIR,AAR Corp,19.0,-3.09,-13.99%,23.83,18.77,589600,03/13/20,Industrials
AIT,Applied Industrial Technologies,44.87,2.56,+6.05%,44.87,40.85,294900,03/13/20,Industrials
AJRD,Aerojet Rocketdyne Holdings,43.25,5.14,+13.49%,43.35,39.05,781700,03/13/20,Industrials
AKR,Acadia Realty Trust,19.19,0.44,+2.35%,20.12,17.6,2301400,03/13/20,Real Estate
AKRX,Akorn Inc,0.65,0.05,+8.37%,0.68,0.55,2408800,03/13/20,Healthcare
AKS,AK Steel Holding Corp,1.55,0.0,0.00%,1.55,1.55,1000,03/13/20,Basic Materials
ALEX,Alexander and Baldwin Inc,13.44,0.74,+5.83%,13.7,12.32,1061500,03/13/20,Real Estate
ALG,Alamo Group,99.43,5.64,+6.01%,100.26,94.28,60700,03/13/20,Industrials
ALGT,Allegiant Travel Com,113.31,10.76,+10.49%,113.43,102.07,372700,03/13/20,Industrials
ALRM,Alarm.com,36.49,0.67,+1.87%,37.23,34.15,1016400,03/13/20,Technology
AMAG,Amag Pharmaceuticals,5.98,0.22,+3.82%,6.19,5.58,1078900,03/13/20,Healthcare
AMBC,Ambac Financial Group,15.75,1.07,+7.29%,15.75,14.45,336200,03/13/20,Financial Services
AMN,Amn Healthcare Services Inc,74.48,8.9,+13.57%,74.58,65.0,815600,03/13/20,Healthcare
AMPH,Amphastar Pharma,14.19,0.32,+2.31%,14.73,13.09,679500,03/13/20,Healthcare
AMSF,Amerisafe Inc,57.38,3.46,+6.42%,57.62,53.51,153400,03/13/20,Financial Services
AMWD,Amer Woodmark Cp,57.81,4.47,+8.38%,57.9,50.33,162400,03/13/20,Consumer Cyclical
ANDE,Andersons Inc,17.08,2.45,+16.75%,17.24,14.07,383100,03/13/20,Consumer Defensive
ANF,Abercrombie & Fitch Company,11.28,1.21,+12.02%,11.33,10.32,4965900,03/13/20,Consumer Cyclical
ANGO,Angiodynamics Inc,9.16,0.25,+2.81%,9.32,8.35,278400,03/13/20,Healthcare
ANIK,Anika Therapeutics,31.94,1.67,+5.52%,32.0,27.55,281400,03/13/20,Healthcare
ANIP,ANI Pharma Inc,35.94,0.93,+2.66%,36.91,32.28,187600,03/13/20,Healthcare
APEI,American Public Eduducation,22.44,2.76,+14.02%,22.44,19.79,153900,03/13/20,Consumer Defensive
APOG,Apogee Entrpr Inc,21.62,3.9,+22.01%,21.68,18.78,340100,03/13/20,Industrials
ARCB,Arcbest Corp,18.8,1.31,+7.49%,18.94,16.75,311900,03/13/20,Industrials
ARI,Apollo Commercial Real Estate,11.8,0.48,+4.24%,12.1,10.77,2903300,03/13/20,Real Estate
ARLO,Arlo Technologies Inc,2.0,0.04,+2.04%,2.15,1.6,2007100,03/13/20,Industrials
AROC,Archrock Inc,4.15,0.45,+12.16%,4.15,3.65,1898600,03/13/20,Energy
ARR,Armour Residential R,13.63,0.63,+4.85%,13.99,12.65,1536600,03/13/20,Real Estate
ASIX,Advansix Inc,10.7,2.19,+25.73%,10.7,8.12,433500,03/13/20,Basic Materials
ASTE,Astec Inds Inc,28.84,1.24,+4.49%,29.92,27.38,264600,03/13/20,Industrials
ATNI,Atn International,51.41,4.58,+9.78%,53.69,44.08,52700,03/13/20,Communication Services
AVA,Avista Corp,45.0,2.66,+6.28%,45.23,42.62,742900,03/13/20,Utilities
AVAV,Aerovironment Inc,50.41,3.69,+7.91%,50.54,46.01,316400,03/13/20,Industrials
AVD,American Vanguard Corp,13.8,1.45,+11.74%,13.8,12.45,184300,03/13/20,Basic Materials
AWR,American States Water Company,76.76,4.88,+6.79%,76.76,70.19,383400,03/13/20,Utilities
AX,Axos Financial Inc,18.92,1.9,+11.16%,18.98,17.01,688300,03/13/20,Financial Services
AXE,Anixter International Inc,90.81,3.08,+3.51%,91.03,86.99,692500,03/13/20,Industrials
AXL,American Axle & Manufacturing,4.92,0.9,+22.39%,4.94,4.07,2605900,03/13/20,Consumer Cyclical
AZZ,Azz Inc,28.91,2.15,+8.03%,28.91,26.01,192200,03/13/20,Industrials
B,Barnes Group,40.12,6.01,+17.62%,40.12,34.85,638100,03/13/20,Industrials
BANC,First Pactrust Bancorp,12.35,1.13,+10.07%,12.66,11.4,558700,03/13/20,Financial Services
BANR,Banner Corp,35.7,3.09,+9.48%,36.44,33.02,338500,03/13/20,Financial Services
BCC,Boise Cascade L.L.C.,26.96,2.58,+10.58%,26.98,24.85,560800,03/13/20,Basic Materials
BCEI,Bonanza Creek Energy Inc,10.84,0.45,+4.33%,11.24,8.25,714800,03/13/20,Energy
BCOR,Blucora Inc,12.98,1.53,+13.36%,12.98,11.53,451200,03/13/20,Financial Services
BCPC,Balchem Cp,91.0,9.51,+11.67%,91.0,80.66,150500,03/13/20,Basic Materials
BEAT,Biotelemetry Inc,36.83,2.47,+7.19%,36.86,33.3,426700,03/13/20,Healthcare
BELFB,Bel Fuse Inc Cl B,9.78,2.05,+26.60%,9.8,7.5,72300,03/13/20,Technology
BFS,Saul Centers,36.69,3.62,+10.95%,36.69,33.58,60900,03/13/20,Real Estate
BGG,Briggs & Stratton Corp,2.63,0.36,+15.86%,2.63,2.25,2162400,03/13/20,Industrials
BGS,B&G Foods Holdings,13.81,2.18,+18.74%,13.82,11.28,2738400,03/13/20,Consumer Defensive
BHE,Benchmark Electronics,22.52,1.99,+9.69%,22.52,20.9,446300,03/13/20,Technology
BHLB,Berkshire Hills Bancorp,19.01,1.57,+9.00%,19.01,17.08,370100,03/13/20,Financial Services
BIG,Big Lots,14.11,1.03,+7.87%,14.19,12.32,1915200,03/13/20,Consumer Defensive
BJRI,Bj's Restaurants Inc,20.29,1.94,+10.57%,21.95,17.23,698600,03/13/20,Consumer Cyclical
BKE,Buckle Inc,15.22,0.62,+4.25%,16.84,14.39,1289600,03/13/20,Consumer Cyclical
BLD,Topbuild Corp,79.55,4.06,+5.38%,81.76,73.24,630500,03/13/20,Industrials
BLMN,Bloomin' Brands Inc,10.79,0.98,+9.99%,10.97,9.11,2401900,03/13/20,Consumer Cyclical
BMI,Badger Meter,54.77,5.35,+10.83%,54.77,49.9,268500,03/13/20,Industrials
BNED,Barnes & Noble Education Inc C,2.3,-0.21,-8.37%,2.59,2.21,432200,03/13/20,Consumer Cyclical
BOOM,Dynamic Materials,22.38,0.47,+2.15%,23.3,20.45,318600,03/13/20,Energy
BOOT,Boot Barn Holdings Inc,20.19,1.19,+6.26%,20.33,18.58,1477400,03/13/20,Consumer Cyclical
BPFH,Boston Pvt Finl Hld,7.88,0.62,+8.54%,7.92,7.4,751900,03/13/20,Financial Services
BRC,Brady Corp,44.5,4.45,+11.11%,44.5,39.84,543100,03/13/20,Industrials
BRKL,Brookline Bancorp,11.61,0.59,+5.35%,11.93,10.99,516300,03/13/20,Financial Services
BRKS,Brooks Automation,28.64,0.59,+2.10%,30.16,26.3,735500,03/13/20,Technology
CADE,Cadence Bancorp Cl A,9.05,1.07,+13.41%,9.1,7.74,3530700,03/13/20,Financial Services
CAL,Caleres Inc,6.99,-0.88,-11.18%,8.74,6.89,1893500,03/13/20,Consumer Cyclical
CALM,Cal-Maine Foods IN,35.62,4.67,+15.09%,35.74,31.28,953500,03/13/20,Consumer Defensive
CAMP,Calamp Corp,5.11,-0.02,-0.39%,5.49,4.63,637800,03/13/20,Technology
CASH,Meta Financial Group,23.57,1.23,+5.51%,24.81,21.98,702300,03/13/20,Financial Services
CATM,Cardtronics Inc,25.92,-1.4,-5.12%,28.65,24.51,681100,03/13/20,Industrials
CATO,Cato Corp,12.75,0.54,+4.42%,12.96,12.21,319500,03/13/20,Consumer Cyclical
CBB,Cincinnati Bell Inc,14.74,0.58,+4.10%,14.88,14.58,1627000,03/13/20,Communication Services
CBL,Cbl & Associates Properties,0.49,0.14,+39.20%,0.5,0.35,3463100,03/13/20,Real Estate
CBU,Community Bank System,57.3,5.24,+10.07%,57.33,53.65,407100,03/13/20,Financial Services
CCOI,Cogent Comm Hlds,81.4,4.04,+5.22%,81.74,75.88,507000,03/13/20,Communication Services
CCRN,Cross Ctry Hlthcr,7.89,1.46,+22.71%,7.89,6.63,412900,03/13/20,Industrials
CCS,Century Communities Inc,23.98,-0.09,-0.37%,25.8,21.75,617600,03/13/20,Consumer Cyclical
CDR,Cedar Shopping Centers Inc,1.55,0.04,+2.65%,1.64,1.4,717200,03/13/20,Real Estate
CEIX,Consol Energy Inc,5.47,0.99,+22.10%,5.49,4.46,885300,03/13/20,Energy
CENT,Central Garden,27.3,1.95,+7.69%,27.39,25.24,111900,03/13/20,Consumer Defensive
CENTA,Central Garden & Pet,25.86,1.59,+6.55%,26.18,24.13,656600,03/13/20,Consumer Defensive
CENX,Century Aluminum C,4.86,-0.2,-3.95%,5.3,4.8,2090700,03/13/20,Basic Materials
CEVA,Ceva Inc,24.3,2.06,+9.26%,24.77,22.13,179700,03/13/20,Technology
CHCO,City Holding Company,63.51,6.29,+10.99%,63.51,57.72,102500,03/13/20,Financial Services
CHCT,Community Healthcare Trust Inc,37.19,2.82,+8.20%,37.19,33.48,293400,03/13/20,Real Estate
CHEF,The Chefs Warehouse,17.48,0.53,+3.13%,18.85,16.65,407300,03/13/20,Consumer Defensive
CHS,Chico's Fas,2.13,-0.08,-3.62%,2.33,1.98,3320100,03/13/20,Consumer Cyclical
CHUY,Chuy's Holdings Inc,14.7,0.22,+1.52%,15.97,13.35,314600,03/13/20,Consumer Cyclical
CIR,Circor International,20.72,0.59,+2.93%,21.67,19.38,104500,03/13/20,Industrials
CKH,Seacor Smit Inc,27.91,4.14,+17.42%,28.17,24.39,199600,03/13/20,Energy
CLDT,Chatham Lodging Trust [Reit],8.51,0.57,+7.18%,8.64,7.5,605300,03/13/20,Real Estate
CLF,Cleveland-Cliffs Inc,4.87,0.81,+19.95%,4.87,4.12,18222900,03/13/20,Basic Materials
CLW,Clearwater Paper Corp,18.86,0.95,+5.30%,19.46,17.22,444800,03/13/20,Basic Materials
CMO,Capstead Mortgage Corp,5.62,0.24,+4.46%,5.85,5.31,1253700,03/13/20,Real Estate
CMTL,Comtech Telecom Company,18.11,0.32,+1.80%,19.12,17.0,407100,03/13/20,Technology
CNMD,C O N M E D Cp,71.53,3.93,+5.81%,71.53,65.58,526000,03/13/20,Healthcare
CNSL,Consolidated Communications Holdings Inc,5.2,-0.18,-3.35%,5.84,5.1,957100,03/13/20,Communication Services
CNXN,PC Connection Inc,34.62,2.32,+7.18%,34.62,31.74,111500,03/13/20,Technology
COHU,Cohu Inc,14.75,1.23,+9.10%,15.15,12.8,330900,03/13/20,Technology
COKE,Coca Cola Bot Cons,216.69,13.16,+6.47%,216.69,198.4,96000,03/13/20,Consumer Defensive
COLB,Columbia Banking Sys,28.39,1.82,+6.85%,29.02,26.63,777100,03/13/20,Financial Services
CONN,Conn's Inc,5.82,1.27,+27.91%,5.85,4.52,1624600,03/13/20,Consumer Cyclical
CORE,Core Mark Holding,23.8,0.27,+1.15%,24.73,21.94,561600,03/13/20,Consumer Defensive
CORT,Corcept Therapeutics,10.8,0.32,+3.05%,11.14,9.81,1257400,03/13/20,Healthcare
CPE,Callon Petroleum Company,0.66,0.11,+20.65%,0.93,0.55,45196699,03/13/20,Energy
CPF,Central Pacific Financial Company,19.65,1.92,+10.83%,19.72,18.25,181900,03/13/20,Financial Services
CPS,Cooper Std Hld Inc,15.28,2.89,+23.33%,15.3,12.81,408900,03/13/20,Consumer Cyclical
CPSI,Computer Programs,22.27,0.87,+4.07%,22.5,20.15,119400,03/13/20,Healthcare
CRMT,America's Car-Mart,82.37,7.45,+9.94%,82.9,74.69,98400,03/13/20,Consumer Cyclical
CROX,Crocs Inc,19.34,1.18,+6.50%,19.93,17.03,1990500,03/13/20,Consumer Cyclical
CRVL,Corvel Cp,67.16,9.64,+16.75%,67.73,59.79,96700,03/13/20,Financial Services
CRY,Cryolife,21.79,1.55,+7.66%,21.79,20.25,446000,03/13/20,Healthcare
CSGS,C S G Sys Intl,40.87,2.57,+6.71%,41.0,37.8,551500,03/13/20,Technology
CSII,Cardiovascular Syst,31.49,-0.59,-1.84%,34.59,29.95,516000,03/13/20,Healthcare
CTB,Cooper Tire & Rubber Company,21.28,2.0,+10.37%,21.31,18.94,639000,03/13/20,Consumer Cyclical
CTRE,Caretrust REIT Inc,14.45,0.94,+6.96%,14.89,12.41,1777300,03/13/20,Real Estate
CTS,Cts Corp,21.82,0.59,+2.78%,22.8,21.21,288400,03/13/20,Technology
CUB,Cubic Corp,43.28,1.54,+3.69%,44.28,39.77,359700,03/13/20,Industrials
CUBI,Customers Bancorp,15.19,1.22,+8.73%,15.25,13.78,237700,03/13/20,Financial Services
CUTR,Cutera Inc,16.23,-0.26,-1.58%,17.26,15.32,267100,03/13/20,Healthcare
CVBF,Cvb Financial Corp,17.01,1.87,+12.35%,17.03,15.82,1899400,03/13/20,Financial Services
CVCO,Cavco Inds Inc,146.25,8.47,+6.15%,146.25,134.09,95100,03/13/20,Consumer Cyclical
CVET,Covetrus Inc,8.19,0.66,+8.76%,8.5,7.12,1889900,03/13/20,Healthcare
CVGW,Calavo Growers Inc,57.34,4.24,+7.98%,57.56,51.63,437300,03/13/20,Consumer Defensive
CWT,California Water Service Group Holding,45.79,1.17,+2.62%,46.53,42.91,409600,03/13/20,Utilities
CYH,Community Health Systems,2.9,-0.07,-2.36%,3.26,2.76,3014200,03/13/20,Healthcare
CYTK,Cytokinetics,10.68,0.24,+2.30%,10.73,9.07,885100,03/13/20,Healthcare
DAKT,Daktronics Inc,4.62,0.28,+6.45%,4.69,4.29,343500,03/13/20,Technology
DBD,Diebold Nixdorf Inc,5.06,0.83,+19.62%,5.07,4.22,1879500,03/13/20,Technology
DBI,Designer Brands Inc,9.9,0.46,+4.87%,10.32,8.88,1762400,03/13/20,Consumer Cyclical
DCOM,Dime Community Bncsh,14.25,1.0,+7.55%,14.72,13.61,220300,03/13/20,Financial Services
DDD,3D Systems Corp,6.5,-0.02,-0.31%,6.98,6.0,3229700,03/13/20,Technology
DEA,Easterly Government Properties,22.96,1.4,+6.49%,23.23,21.78,1175600,03/13/20,Real Estate
DFIN,Donnelly Financial Solutions Inc,5.99,0.74,+14.10%,6.0,5.38,445900,03/13/20,Financial Services
DGII,Digi Intl Inc,10.19,0.38,+3.87%,10.28,9.2,250600,03/13/20,Technology
DIN,Dineequity Inc,42.68,7.68,+21.94%,43.0,35.64,1480500,03/13/20,Consumer Cyclical
DIOD,Diodes Inc,36.68,3.22,+9.62%,36.68,33.89,484700,03/13/20,Technology
DNR,Denbury Resources,0.37,0.1,+38.27%,0.45,0.25,25422799,03/13/20,Energy
DO,Diamond Offshore Drilling,3.76,2.34,+164.79%,4.0,1.4,6420400,03/13/20,Energy
DORM,Dorman Products Inc,60.29,4.12,+7.33%,60.74,57.07,306800,03/13/20,Consumer Cyclical
DRH,Diamondrock Hospitality Company,5.63,0.5,+9.75%,5.64,4.85,6005700,03/13/20,Real Estate
DRQ,Dril-Quip,31.63,4.89,+18.29%,31.71,25.95,597700,03/13/20,Energy
DSPG,D S P Group Inc,12.79,1.18,+10.16%,12.81,11.68,274400,03/13/20,Technology
DXPE,Dxp Enterprise,14.49,1.53,+11.81%,14.94,12.53,162500,03/13/20,Industrials
EBIX,Ebix Inc,16.29,0.06,+0.37%,17.6,15.25,998500,03/13/20,Technology
EBS,Emergent Biosolutions,68.76,12.48,+22.17%,68.93,58.0,1828900,03/13/20,Healthcare
ECHO,Echo Global Logistic,16.88,1.56,+10.18%,17.14,15.77,364800,03/13/20,Industrials
ECOL,US Ecology Inc,34.29,2.29,+7.16%,34.31,31.55,310000,03/13/20,Industrials
ECPG,Encore Capital Group,35.45,2.16,+6.49%,35.72,33.08,832500,03/13/20,Financial Services
EE,El Paso Electric Company,67.34,0.55,+0.82%,67.63,66.52,799800,03/13/20,Utilities
EGBN,Eagle Bancorp Inc,29.0,0.49,+1.72%,31.15,23.91,540200,03/13/20,Financial Services
EGHT,8X8 Inc,13.58,2.53,+22.90%,13.58,11.11,2970600,03/13/20,Technology
EGOV,Nic Inc,17.31,0.96,+5.87%,17.36,16.37,627100,03/13/20,Technology
EGRX,Eagle Pharmaceuticals,39.31,4.94,+14.37%,39.51,33.8,551600,03/13/20,Healthcare
EHTH,Ehealth Inc,122.74,4.23,+3.57%,127.26,114.39,693900,03/13/20,Financial Services
EIG,Employers Holdings Inc,34.97,1.67,+5.02%,37.07,33.98,330600,03/13/20,Financial Services
ELY,Callaway Golf Company,9.76,0.07,+0.72%,10.5,9.0,2417200,03/13/20,Consumer Cyclical
ENDP,Endo Int'l Plc,3.93,0.4,+11.33%,3.93,3.46,5713500,03/13/20,Healthcare
ENSG,The Ensign Group IN,31.39,0.54,+1.75%,32.38,29.32,652100,03/13/20,Healthcare
ENTA,Enanta Pharmaceutica,53.93,4.54,+9.19%,53.97,47.42,365000,03/13/20,Healthcare
ENVA,Enova International Inc,16.3,1.06,+6.96%,17.12,15.5,577200,03/13/20,Financial Services
EPAC,Actuant Corp,19.11,1.25,+7.00%,19.11,17.57,651500,03/13/20,Industrials
EPAY,Bottomline Tech IN,33.75,1.99,+6.27%,33.88,30.81,367400,03/13/20,Technology
EPRT,Essential Properties Realty Trust Inc,17.92,0.21,+1.19%,18.98,16.4,2561400,03/13/20,Real Estate
ERA,Era Group Inc,6.67,0.55,+8.99%,6.71,6.01,295200,03/13/20,Energy
ESE,Esco Technologies Inc,77.02,4.05,+5.55%,77.16,72.03,163400,03/13/20,Technology
ETH,Ethan Allen Interiors Inc,11.64,1.12,+10.65%,11.68,10.91,550200,03/13/20,Consumer Cyclical
EVTC,Evertec Inc,25.88,2.08,+8.74%,26.0,23.63,619800,03/13/20,Technology
EXLS,Exlservice Holdings,58.45,2.46,+4.39%,59.61,54.77,487000,03/13/20,Technology
EXPO,Exponent Inc,67.69,1.94,+2.95%,70.97,65.09,655000,03/13/20,Industrials
EXPR,Express Inc,2.16,-0.03,-1.37%,2.52,2.03,2999600,03/13/20,Consumer Cyclical
EXTN,Exterran Corp,8.5,3.04,+55.68%,8.81,5.51,1354900,03/13/20,Energy
EXTR,Extreme Networks,3.65,0.5,+15.87%,3.66,3.08,3743100,03/13/20,Technology
EZPW,Ezcorp Inc,4.27,0.44,+11.49%,4.27,3.83,754500,03/13/20,Financial Services
FARO,Faro Tech Inc,47.32,3.44,+7.84%,47.32,42.38,142100,03/13/20,Technology
FBC,Flagstar Bancorp,27.73,2.19,+8.57%,27.87,25.3,400900,03/13/20,Financial Services
FBM,Foundation Building Materials Inc,12.1,0.39,+3.33%,12.47,10.42,534900,03/13/20,Industrials
FBP,First Bancorp,6.75,1.2,+21.62%,6.75,5.53,3743000,03/13/20,Financial Services
FCF,First Commonwealth Financial Corp,9.97,0.76,+8.25%,10.03,9.24,686300,03/13/20,Financial Services
FCPT,Four Corners Property Trust IN,24.04,2.71,+12.71%,24.04,21.86,1138000,03/13/20,Real Estate
FDP,Fresh Del Monte Produce,27.36,2.96,+12.13%,27.42,24.87,372600,03/13/20,Consumer Defensive
FELE,Franklin Electric Company,46.86,4.09,+9.56%,46.86,43.2,366000,03/13/20,Industrials
FF,Futurefuel Corp,10.25,1.21,+13.38%,10.25,9.12,297600,03/13/20,Basic Materials
FFBC,First Finl Bncp [Oh],16.18,1.81,+12.60%,16.2,14.56,740200,03/13/20,Financial Services
FG,Fgl Holdings,10.87,0.1,+0.93%,11.15,10.51,4354800,03/13/20,Financial Services
FIX,Comfort Systems USA,37.86,3.97,+11.71%,37.86,34.43,340000,03/13/20,Industrials
FIZZ,Natl Beverage Cp,40.18,1.3,+3.34%,41.87,38.51,325000,03/13/20,Consumer Defensive
FLOW,SPX Flow Inc,26.24,0.24,+0.92%,28.15,23.81,308300,03/13/20,Industrials
FMBI,First Midwest Bncp,14.7,1.22,+9.05%,14.76,13.51,887900,03/13/20,Financial Services
FN,Fabrinet,52.85,4.67,+9.69%,52.85,47.44,477100,03/13/20,Technology
FOE,Ferro Corp,9.42,0.52,+5.84%,9.49,8.35,1123700,03/13/20,Basic Materials
FORM,Formfactor Inc,19.99,1.42,+7.65%,20.0,18.27,906000,03/13/20,Technology
FORR,Forrester Resrch,30.35,0.3,+1.00%,31.54,28.25,82700,03/13/20,Industrials
FOSL,Fossil Group,4.45,0.61,+15.89%,4.67,3.84,4046000,03/13/20,Consumer Cyclical
FOXF,Fox Factory Cp,51.5,3.17,+6.55%,54.1,48.21,411700,03/13/20,Consumer Cyclical
FRGI,Fiesta Restaurant Gp,5.33,0.6,+12.68%,5.33,4.53,504100,03/13/20,Consumer Cyclical
FSB,Franklin Financial Network Inc,24.67,1.71,+7.45%,24.67,23.51,120000,03/13/20,Financial Services
FSP,Franklin Street Properties,5.31,0.55,+11.55%,5.31,4.57,629100,03/13/20,Real Estate
FSS,Federal Signal Corp,28.83,2.68,+10.25%,28.83,26.51,1200900,03/13/20,Industrials
FUL,H. B. Fuller Company,32.1,3.35,+11.65%,32.1,28.88,716700,03/13/20,Basic Materials
FWRD,Foward Air Corp,51.13,3.23,+6.74%,51.4,47.95,442700,03/13/20,Industrials
GBCI,Glacier Bancorp Inc,31.73,4.99,+18.66%,31.79,27.13,972300,03/13/20,Financial Services
GBX,Greenbrier Companies,18.74,2.56,+15.82%,18.74,16.49,561200,03/13/20,Industrials
GCI,Gannett Co. Inc.,3.42,0.1,+3.01%,3.7,3.05,2454900,03/13/20,Communication Services
GCO,Genesco Inc,22.1,-0.04,-0.18%,24.99,21.42,770700,03/13/20,Consumer Cyclical
GCP,Gcp Applied Technologies Inc C,19.42,1.82,+10.34%,19.42,17.38,403600,03/13/20,Basic Materials
GDOT,Green Dot Corp,28.17,6.96,+32.81%,29.77,22.25,2267900,03/13/20,Financial Services
GEOS,Geospace Technologie,6.09,0.33,+5.73%,6.49,5.83,72400,03/13/20,Energy
GES,Guess Inc,9.51,1.01,+11.88%,9.52,8.21,1798900,03/13/20,Consumer Cyclical
GFF,Griffon Corp,12.98,2.24,+20.86%,13.0,10.83,322100,03/13/20,Industrials
GHL,Greenhill & Co. Inc,9.1,0.89,+10.84%,9.21,8.18,328000,03/13/20,Financial Services
GIII,G-III Apparel Gp,15.18,1.94,+14.65%,15.3,13.03,1097100,03/13/20,Consumer Cyclical
GLT,Glatfelter,11.4,1.18,+11.55%,11.4,9.94,305500,03/13/20,Basic Materials
GLUU,Glu Mobile Inc,5.04,-0.16,-3.08%,5.59,4.88,3901700,03/13/20,Communication Services
GME,Gamestop Corp,4.59,0.61,+15.33%,4.65,3.85,5787200,03/13/20,Consumer Cyclical
GMS,Gms Inc,15.91,-0.28,-1.73%,17.25,14.75,804500,03/13/20,Industrials
GNL,Global Net Lease Inc,14.77,1.63,+12.40%,14.77,12.6,1092300,03/13/20,Real Estate
GPI,Group 1 Automotive,51.74,0.87,+1.71%,54.44,48.56,349800,03/13/20,Consumer Cyclical
GPMT,Granite Point Mortgage Trust Inc,12.4,1.3,+11.71%,12.48,11.0,858500,03/13/20,Real Estate
GPOR,Gulfport Energy Corp,2.74,2.34,+585.00%,2.74,0.4,9802000,03/13/20,Energy
GPRE,Green Plains Inc,6.13,1.27,+26.13%,6.13,5.12,1682700,03/13/20,Basic Materials
GTLS,Chart Industries IN,24.04,-1.2,-4.75%,28.17,23.46,1491400,03/13/20,Industrials
GTX,Garrett Motion Inc,4.55,0.48,+11.79%,4.56,4.18,829200,03/13/20,Consumer Cyclical
GTY,Getty Realty Corp,23.9,2.94,+14.03%,23.95,21.44,266600,03/13/20,Real Estate
GVA,Granite Construction Inc,12.72,1.04,+8.90%,12.77,10.8,1593800,03/13/20,Industrials
GWB,Great Western Bancorp Inc,22.8,2.47,+12.15%,22.82,21.06,604800,03/13/20,Financial Services
HA,Hawaiian Hlds Inc,14.13,1.87,+15.25%,14.16,11.87,2913600,03/13/20,Industrials
HAFC,Hanmi Financial Cp,11.94,0.14,+1.19%,12.49,11.71,401700,03/13/20,Financial Services
HAYN,Haynes Intl Inc,21.0,1.24,+6.28%,22.31,19.5,124600,03/13/20,Industrials
HCC,Warrior Met Coal Inc,13.64,2.13,+18.51%,13.73,12.2,1295500,03/13/20,Basic Materials
HCI,Homeowners Choice,38.29,2.48,+6.93%,39.24,36.44,57500,03/13/20,Financial Services
HFWA,Heritage Financial,21.54,2.7,+14.33%,21.59,19.3,305000,03/13/20,Financial Services
HI,Hillenbrand Inc,18.02,0.49,+2.80%,18.73,16.48,999600,03/13/20,Industrials
HIBB,Hibbett Sports Inc,14.53,-0.74,-4.85%,15.87,13.66,787800,03/13/20,Consumer Cyclical
HLIT,Harmonic Inc,5.03,0.12,+2.44%,5.15,4.75,879200,03/13/20,Technology
HLX,Helix Energy Solutions Group,2.13,0.48,+29.09%,2.13,1.64,4298600,03/13/20,Energy
HMN,Horace Mann Educators Corp,38.82,4.42,+12.85%,38.95,34.86,312000,03/13/20,Financial Services
HMST,Homestreet Inc,23.11,2.54,+12.35%,23.91,21.87,294700,03/13/20,Financial Services
HMSY,Hms Hlds Cp,21.12,-0.09,-0.42%,22.47,19.67,833900,03/13/20,Healthcare
HNGR,Hanger Inc,18.7,0.1,+0.54%,19.52,18.11,517000,03/13/20,Healthcare
HOPE,Hope Bancorp Inc,9.57,0.85,+9.75%,9.6,8.78,1799600,03/13/20,Financial Services
HPR,Highpoint Resources Corp,0.25,0.06,+30.14%,0.25,0.2,2210900,03/13/20,Energy
HSC,Harsco Corp,7.31,0.68,+10.26%,7.53,6.56,1477200,03/13/20,Industrials
HSII,Heidrick & Struggl,22.65,1.86,+8.95%,23.62,21.03,164800,03/13/20,Industrials
HSKA,Heska Corp,81.74,11.38,+16.17%,85.93,66.05,110000,03/13/20,Healthcare
HSTM,Healthstream Inc,24.64,4.61,+23.02%,24.7,20.47,285500,03/13/20,Healthcare
HT,Hersha Hospitality Trust,5.32,-0.02,-0.37%,5.99,5.0,1200500,03/13/20,Real Estate
HTLD,Heartland Express,17.35,1.35,+8.44%,17.53,16.21,718200,03/13/20,Industrials
HUBG,Hub Group Inc A,40.92,0.75,+1.88%,42.14,38.38,346600,03/13/20,Industrials
HVT,Haverty Furniture Companies,14.78,1.06,+7.73%,14.93,14.06,164200,03/13/20,Consumer Cyclical
HWKN,Hawkins Inc,37.34,3.29,+9.66%,37.34,34.85,63300,03/13/20,Basic Materials
HZO,Marinemax Inc,10.52,0.95,+9.93%,10.52,9.15,299200,03/13/20,Consumer Cyclical
IBP,Installed Building Products,46.69,4.55,+10.80%,46.69,39.62,457900,03/13/20,Industrials
ICHR,Ichor Holdings Ltd,22.56,1.02,+4.74%,23.23,21.13,611400,03/13/20,Technology
IIIN,Insteel Industries,13.83,0.8,+6.14%,13.85,12.42,99900,03/13/20,Industrials
IIPR,Innovative Industrial Properties,71.53,5.84,+8.89%,72.56,65.0,618900,03/13/20,Real Estate
ILPT,Industrial Logistics Properties Trust,17.75,0.32,+1.84%,18.3,16.81,894800,03/13/20,Real Estate
INDB,Independent Bk Corp,57.87,5.5,+10.50%,57.89,53.55,306100,03/13/20,Financial Services
INGN,Inogen Inc,43.85,3.27,+8.06%,44.08,40.89,728700,03/13/20,Healthcare
INN,Summit Hotel Properties,6.0,0.27,+4.71%,6.17,5.3,1869000,03/13/20,Real Estate
INTL,Intl Fcstone Inc,33.0,0.57,+1.76%,35.01,31.0,126300,03/13/20,Financial Services
INVA,Innoviva Inc,10.89,0.34,+3.22%,11.08,9.71,1121700,03/13/20,Healthcare
IOSP,Innospec Inc,69.94,4.49,+6.86%,70.64,64.41,157200,03/13/20,Basic Materials
IPAR,Inter Parfums Inc,50.68,5.69,+12.65%,50.68,45.52,131900,03/13/20,Consumer Defensive
IRBT,Irobot Corp,40.98,4.06,+11.00%,41.0,37.62,1706700,03/13/20,Technology
IRDM,Iridium Comm Inc,23.66,1.85,+8.48%,23.72,20.8,1308000,03/13/20,Communication Services
IRET,Investors Real Estate Trust,71.47,5.45,+8.26%,71.47,64.76,196100,03/13/20,Real Estate
IRT,Independence Realty Trust Inc,12.38,0.88,+7.65%,12.38,11.23,1619100,03/13/20,Real Estate
ITGR,Integer Holdings Corp,75.86,1.74,+2.35%,77.57,68.92,469000,03/13/20,Healthcare
ITRI,Itron Inc,61.29,3.61,+6.26%,61.53,56.95,366600,03/13/20,Technology
IVC,Invacare Corp,5.69,0.47,+9.00%,5.8,5.09,708200,03/13/20,Healthcare
IVR,Invesco Mortgage Capital Inc,11.5,0.44,+3.98%,12.32,10.69,4006800,03/13/20,Real Estate
JBSS,John B Sanfilippo,74.0,4.96,+7.18%,74.32,69.1,130800,03/13/20,Consumer Defensive
JBT,John Bean Technologies Corp,76.34,8.13,+11.92%,76.34,65.25,282200,03/13/20,Industrials
JCP,J.C. Penney Company Inc,0.6,0.19,+46.31%,0.6,0.43,12197100,03/13/20,Consumer Cyclical
JJSF,J J Snack Foods,135.0,8.45,+6.68%,135.05,123.56,163800,03/13/20,Consumer Defensive
JOE,St. Joe Company,19.23,2.74,+16.62%,19.27,16.78,367200,03/13/20,Real Estate
JRVR,James River Gp HD,34.85,1.42,+4.25%,35.04,33.3,197900,03/13/20,Financial Services
KALU,Kaiser Aluminum,84.12,9.38,+12.55%,84.36,74.81,182000,03/13/20,Basic Materials
KAMN,Kaman Corp,39.95,1.85,+4.86%,41.19,37.15,436100,03/13/20,Industrials
KELYA,Kelly Svcs Cl A,12.93,1.2,+10.23%,12.93,11.56,349000,03/13/20,Industrials
KEM,Kemet Corp,23.43,0.88,+3.90%,23.58,22.18,1909500,03/13/20,Technology
KFY,Korn/Ferry International,27.29,3.69,+15.64%,27.29,23.82,863800,03/13/20,Industrials
KLIC,Kulicke and Soffa,22.9,4.44,+24.05%,22.97,19.27,1074800,03/13/20,Technology
KLXE,Klx Energy Services Holdings Inc,1.45,0.32,+27.75%,1.45,1.11,518200,03/13/20,Energy
KN,Knowles Corp,14.05,0.78,+5.88%,14.06,13.2,1486100,03/13/20,Technology
KNSL,Kinsale Capital Group Inc,104.54,4.18,+4.17%,104.99,96.18,272500,03/13/20,Financial Services
KOP,Koppers Holdings Inc,14.09,1.05,+8.05%,14.11,12.76,296300,03/13/20,Basic Materials
KRA,Kraton Performance Polymers Inc,6.84,1.14,+20.00%,6.84,5.5,614000,03/13/20,Basic Materials
KREF,KKR Real Estate Finance Trust Inc,16.35,0.22,+1.36%,17.32,15.1,1157900,03/13/20,Real Estate
KRG,Kite Realty Group Trust,13.57,1.86,+15.88%,13.57,11.8,1035200,03/13/20,Real Estate
KTB,Kontoor Brands Inc [Ktb/I],27.67,1.0,+3.75%,28.6,25.06,931900,03/13/20,Consumer Cyclical
KWR,Quaker Chemical Corp,144.91,14.13,+10.80%,144.91,128.85,256100,03/13/20,Basic Materials
LAD,Lithia Motors,95.4,5.1,+5.65%,98.0,91.0,363300,03/13/20,Consumer Cyclical
LCI,Lannett Co. Inc,6.67,0.31,+4.87%,6.82,6.0,728200,03/13/20,Healthcare
LCII,Lci Industries,83.62,8.23,+10.92%,84.09,73.2,219600,03/13/20,Consumer Cyclical
LDL,Lydall Inc,9.17,0.18,+2.00%,9.42,8.25,260200,03/13/20,Consumer Cyclical
LGIH,LGI Homes Inc,59.81,2.15,+3.73%,60.75,52.35,842900,03/13/20,Consumer Cyclical
LHCG,LHC Group Inc,129.44,12.04,+10.26%,130.02,109.89,583300,03/13/20,Healthcare
LL,Lumber Liquidators Holdings Inc,5.9,-0.8,-11.94%,7.15,5.63,2465300,03/13/20,Consumer Cyclical
LMAT,Lemaitre Vascular,24.45,3.07,+14.36%,24.59,22.0,296900,03/13/20,Healthcare
LMNX,Luminex Corp,26.62,3.53,+15.29%,26.93,22.8,627300,03/13/20,Healthcare
LNN,Lindsay Corp,82.1,4.87,+6.31%,82.11,76.17,96800,03/13/20,Industrials
LNTH,Lantheus Holdings,12.92,0.81,+6.69%,12.96,11.95,663000,03/13/20,Healthcare
LOCO,El Pollo Loco,9.42,0.2,+2.17%,9.78,8.89,663500,03/13/20,Consumer Cyclical
LPG,Dorian Lpg Ltd,8.88,1.53,+20.82%,8.9,7.77,1232400,03/13/20,Energy
LPI,Laredo Petroleum Holdings Inc,0.74,0.28,+60.85%,0.95,0.36,14344700,03/13/20,Energy
LPSN,Liveperson Inc,20.67,0.58,+2.86%,21.33,18.44,1540500,03/13/20,Technology
LQDT,Liquidity Services,4.0,0.05,+1.27%,4.17,3.88,240800,03/13/20,Consumer Cyclical
LTC,Ltc Properties,33.59,4.06,+13.75%,33.59,29.84,921800,03/13/20,Real Estate
LTHM,Livent Corp,6.36,0.24,+3.92%,6.68,5.9,2693900,03/13/20,Basic Materials
LXP,Lexington Realty Trust,9.76,1.01,+11.54%,9.76,8.48,3025500,03/13/20,Real Estate
LXU,Lsb Industries Inc,1.78,0.11,+6.59%,1.82,1.7,234100,03/13/20,Basic Materials
LZB,La-Z-Boy Inc,23.22,2.97,+14.67%,23.22,20.45,652000,03/13/20,Consumer Cyclical
MANT,Mantech Intl Cp A,70.78,7.22,+11.37%,70.82,64.48,261500,03/13/20,Technology
MATW,Matthews Intl Corp,22.44,2.31,+11.48%,22.49,19.45,260000,03/13/20,Industrials
MATX,Matson Inc,31.47,5.09,+19.29%,31.47,26.41,267700,03/13/20,Industrials
MCRI,Monarch Casino,23.99,2.68,+12.58%,24.25,21.88,564900,03/13/20,Consumer Cyclical
MCS,Marcus Corp,15.42,1.38,+9.83%,15.58,13.65,320800,03/13/20,Communication Services
MDC,M.D.C. Holdings,28.17,1.23,+4.57%,28.98,25.2,970900,03/13/20,Consumer Cyclical
MED,Medifast Inc,68.51,1.88,+2.82%,71.93,66.32,355400,03/13/20,Consumer Cyclical
MEDP,Medpace Holdings Inc,77.59,5.33,+7.38%,77.59,70.9,444100,03/13/20,Healthcare
MEI,Methode Electronics,27.88,2.34,+9.16%,28.21,25.94,334500,03/13/20,Technology
MERC,Mercer Intl Inc,7.61,0.61,+8.71%,7.83,7.09,351500,03/13/20,Basic Materials
MGLN,Magellan Health,49.56,1.73,+3.62%,50.01,45.6,264100,03/13/20,Healthcare
MGPI,MGP Ingredients Inc,26.18,3.08,+13.33%,26.18,23.15,469300,03/13/20,Consumer Defensive
MHO,M/I Homes,24.03,0.46,+1.95%,24.93,22.18,491700,03/13/20,Consumer Cyclical
MIK,The Michaels Comp,2.65,0.26,+10.88%,2.65,2.3,6695000,03/13/20,Consumer Cyclical
MINI,Mobile Mini Inc,30.59,3.81,+14.23%,31.1,26.58,862000,03/13/20,Industrials
MLAB,Mesa Labs Inc,203.92,-9.08,-4.26%,225.0,193.99,62500,03/13/20,Technology
MLI,Mueller Industries,23.58,1.54,+6.99%,23.58,21.43,569900,03/13/20,Industrials
MMI,Marcus & Millichap,27.65,2.25,+8.86%,27.65,25.56,193300,03/13/20,Real Estate
MMSI,Merit Medical Sys,33.71,3.0,+9.77%,33.76,29.38,695500,03/13/20,Healthcare
MNRO,Monro Muffler Brak,50.14,4.38,+9.57%,50.24,44.47,570500,03/13/20,Consumer Cyclical
MNTA,Momenta Pharma,28.65,4.32,+17.76%,28.72,23.89,1401500,03/13/20,Healthcare
MOG.A,Moog Inc Cl A,51.36,1.9,+3.84%,51.6,47.32,502200,03/13/20,Industrial Goods
MOV,Movado Group Inc,12.68,1.03,+8.84%,12.68,11.35,302600,03/13/20,Consumer Cyclical
MPAA,Motorcar Parts Amer,15.16,0.92,+6.46%,15.35,14.03,179800,03/13/20,Consumer Cyclical
MRTN,Marten Transport L,17.94,0.84,+4.91%,18.68,17.12,423400,03/13/20,Industrials
MSTR,Microstrategy Cl A,111.33,2.8,+2.58%,113.7,106.27,149600,03/13/20,Technology
MTH,Meritage Corp,46.82,2.14,+4.79%,47.82,41.14,927100,03/13/20,Consumer Cyclical
MTOR,Meritor Inc,17.41,0.83,+5.01%,17.71,15.78,1609700,03/13/20,Consumer Cyclical
MTRN,Materion Corp,37.88,2.95,+8.45%,37.9,34.69,279200,03/13/20,Basic Materials
MTRX,Matrix Service Company,11.46,1.4,+13.92%,11.48,10.68,343400,03/13/20,Energy
MTSC,M T S Systems Cp,25.17,1.94,+8.35%,25.33,22.92,321500,03/13/20,Technology
MXL,Maxlinear Inc,11.65,0.96,+8.98%,11.65,10.07,685000,03/13/20,Technology
MYE,Myers Industries,12.24,0.64,+5.52%,12.38,11.31,268500,03/13/20,Consumer Cyclical
MYGN,Myriad Genetics Inc,13.3,0.76,+6.06%,13.33,11.52,1539300,03/13/20,Healthcare
MYRG,MYR Group Inc,23.39,3.13,+15.45%,23.39,20.63,114000,03/13/20,Industrials
NBHC,National Bank Holdings Corp,25.48,2.45,+10.64%,25.57,23.39,216400,03/13/20,Financial Services
NBR,Nabors Industries,0.37,0.05,+15.63%,0.39,0.33,10795900,03/13/20,Energy
NBTB,NBT Bancorp Inc,31.23,3.21,+11.46%,31.25,28.85,308500,03/13/20,Financial Services
NE,Noble Corp,0.28,0.05,+18.75%,0.28,0.22,4501100,03/13/20,Energy
NEO,Neogenomics Inc,25.64,1.7,+7.10%,25.65,23.13,1244300,03/13/20,Healthcare
NEOG,Neogen Cp,63.08,6.96,+12.40%,63.81,55.08,374800,03/13/20,Healthcare
NFBK,Northfield Bncrp Del,12.14,0.63,+5.47%,12.22,11.55,294500,03/13/20,Financial Services
NMIH,Nmi Holdings Inc,19.1,-0.49,-2.50%,20.85,18.01,935200,03/13/20,Financial Services
NP,Neenah Paper,43.23,0.91,+2.15%,44.52,41.18,348400,03/13/20,Basic Materials
NPK,National Presto Industries,79.1,6.6,+9.10%,79.21,73.39,84100,03/13/20,Industrials
NPO,Enpro Industries,47.13,6.62,+16.34%,47.13,40.21,174900,03/13/20,Industrials
NR,Newpark Resources,1.25,0.04,+3.31%,1.26,1.12,1913700,03/13/20,Energy
NSA,National Storage Affiliates Tru,30.37,0.44,+1.47%,32.3,28.54,748800,03/13/20,Real Estate
NSIT,Insight Enterpr,41.07,2.11,+5.42%,41.72,39.29,595600,03/13/20,Technology
NTGR,Netgear Inc,18.62,0.47,+2.59%,19.07,17.4,642800,03/13/20,Technology
NTUS,Natus Medical Inc,24.1,1.61,+7.16%,24.5,22.27,394200,03/13/20,Healthcare
NWBI,Northwest Bancshares,11.63,0.64,+5.82%,11.77,10.9,967100,03/13/20,Financial Services
NWN,Northwest Natural Gas Company,58.14,4.91,+9.22%,58.14,53.4,346300,03/13/20,Utilities
NX,Quanex Building Products Corp,12.72,-0.12,-0.93%,13.69,12.04,372800,03/13/20,Industrials
NXGN,Nextgen Healthcare Inc,9.62,0.61,+6.77%,9.66,8.33,788600,03/13/20,Healthcare
NXRT,Nexpoint Residential Trust Inc,39.06,5.39,+16.01%,39.06,33.04,469300,03/13/20,Real Estate
NYMT,New York Mtge Trust,4.22,0.11,+2.68%,4.67,3.79,15555300,03/13/20,Real Estate
OAS,Oasis Petroleum Inc,1.0,0.63,+169.69%,1.0,0.34,39265898,03/13/20,Energy
ODP,Office Depot,1.83,0.07,+3.98%,1.93,1.65,7381700,03/13/20,Consumer Cyclical
OFG,Oriental Financial Group,13.1,0.85,+6.94%,13.18,12.06,866400,03/13/20,Financial Services
OFIX,Orthofix Intl NV,26.4,-0.59,-2.19%,28.35,24.41,270000,03/13/20,Healthcare
OII,Oceaneering International,3.23,0.08,+2.54%,3.59,2.65,4395100,03/13/20,Energy
OIS,Oil States International,2.42,-0.02,-0.82%,2.63,2.15,1000900,03/13/20,Energy
OMCL,Omnicell Inc,74.48,8.98,+13.71%,74.83,64.51,545800,03/13/20,Healthcare
OMI,Owens & Minor,4.36,0.24,+5.83%,4.36,3.97,1613800,03/13/20,Healthcare
ONB,Old National Bncp,14.98,1.73,+13.06%,15.0,13.67,2522300,03/13/20,Financial Services
ONTO,Onto Innovation Inc.,27.98,3.21,+12.96%,28.05,24.75,644000,03/13/20,
OPB,Opus Bank,18.27,1.78,+10.79%,18.4,16.44,359300,03/13/20,Financial Services
OPI,Office Properties Income Trust,22.65,-0.36,-1.56%,24.41,21.2,421700,03/13/20,Real Estate
OSIS,O S I Systems Inc,73.29,3.25,+4.64%,73.29,69.37,185200,03/13/20,Technology
OSPN,Onespan Inc,12.9,0.41,+3.28%,13.35,12.25,273100,03/13/20,Technology
OSUR,Orasure Tech Inc,7.54,1.97,+35.37%,7.86,5.23,4117900,03/13/20,Healthcare
OXM,Oxford Industries,45.35,0.62,+1.39%,48.41,44.65,210700,03/13/20,Consumer Cyclical
PAHC,Phibro Anl Htlh A,22.13,1.3,+6.24%,22.18,19.93,216800,03/13/20,Healthcare
PARR,Par Petroleum Corp,10.76,1.28,+13.50%,10.77,9.6,953900,03/13/20,Energy
PATK,Patrick Inds Inc,33.56,3.32,+10.98%,33.56,30.26,379000,03/13/20,Industrials
PBI,Pitney Bowes Inc,2.64,0.29,+12.34%,2.65,2.3,2940600,03/13/20,Industrials
PCRX,Pacira Pharm Inc,35.09,1.98,+5.98%,35.64,32.74,1306800,03/13/20,Healthcare
PDCE,Pdc Energy Inc,9.5,2.29,+31.76%,9.5,6.2,3770000,03/13/20,Energy
PDFS,Pdf Solutions Inc,10.52,-0.07,-0.66%,11.21,10.02,320600,03/13/20,Technology
PEI,Pennsylvania Real Estate Investment,1.56,0.43,+38.05%,1.58,1.21,3797600,03/13/20,Real Estate
PETS,Petmed Express Inc,24.16,-1.47,-5.74%,26.52,23.36,731200,03/13/20,Healthcare
PFBC,Preferred Bank LA,35.11,0.21,+0.60%,37.67,33.47,143700,03/13/20,Financial Services
PFS,Provident Financial Services,14.78,1.28,+9.48%,14.78,13.35,902500,03/13/20,Financial Services
PGNX,Progenics Pharmaceuticals,3.15,0.21,+7.14%,3.25,2.5,2200200,03/13/20,Healthcare
PGTI,Pgt Inc,10.77,0.62,+6.11%,10.85,9.82,453100,03/13/20,Industrials
PIPR,Piper Jaffray Companies,49.47,4.63,+10.33%,49.47,45.12,145000,03/13/20,Financial Services
PKE,Park Electrochemical Corp,12.62,0.85,+7.22%,12.7,11.83,280200,03/13/20,Industrials
PLAB,Photronics Inc,10.27,0.21,+2.09%,11.15,9.93,1042600,03/13/20,Technology
PLAY,Dave & Buster's Ente,13.27,-1.73,-11.53%,16.36,10.93,2960500,03/13/20,Consumer Cyclical
PLCE,Children's Place Inc,37.51,3.64,+10.75%,41.31,34.52,2311800,03/13/20,Consumer Cyclical
PLT,Plantronics,7.62,-1.39,-15.43%,9.61,6.61,2152700,03/13/20,Technology
PLUS,Eplus Inc,60.48,4.55,+8.14%,60.85,53.89,103400,03/13/20,Technology
PLXS,Plexus Cp,53.82,1.27,+2.42%,56.61,50.67,276400,03/13/20,Technology
PMT,Pennymac Mortgage Investment Trust,15.0,-0.21,-1.38%,16.46,14.0,2422900,03/13/20,Real Estate
PNTG,The Pennant Group Inc,15.4,0.23,+1.52%,17.01,15.08,399400,03/13/20,Healthcare
POWI,Power Integratn,90.17,6.75,+8.09%,90.17,81.47,422900,03/13/20,Technology
POWL,Powell Inds Inc,24.15,-0.39,-1.59%,25.72,23.17,74300,03/13/20,Industrials
PPBI,Pacific Premier Bncp,19.9,1.86,+10.31%,20.07,18.06,833300,03/13/20,Financial Services
PRA,Pro-Assurance Corp,21.86,1.59,+7.84%,21.88,19.96,302700,03/13/20,Financial Services
PRAA,Pra Group Inc,32.58,1.1,+3.49%,33.78,30.84,769600,03/13/20,Financial Services
PRDO,Perdoceo Education Corp.,11.03,0.65,+6.26%,11.06,9.84,1260300,03/13/20,Consumer Defensive
PRFT,Perficient Inc,36.79,0.86,+2.39%,38.74,35.46,516800,03/13/20,Technology
PRGS,Progress Software,32.4,1.1,+3.51%,33.4,30.1,650900,03/13/20,Technology
PRLB,Proto Labs Inc,73.2,3.47,+4.98%,76.14,69.77,386500,03/13/20,Industrials
PRSC,Providence Svc Cp,50.5,2.39,+4.97%,50.5,46.87,136400,03/13/20,Healthcare
PSMT,Pricesmart Inc,46.39,2.66,+6.08%,48.95,42.92,197900,03/13/20,Consumer Defensive
PUMP,Propetro Holding Corp,3.76,-0.24,-6.00%,4.08,3.09,3783400,03/13/20,Energy
PVAC,Penn VA Corp,4.1,-0.07,-1.68%,4.55,3.19,1139700,03/13/20,Energy
QEP,Qep Resources,0.86,0.33,+61.38%,0.87,0.48,20224398,03/13/20,Energy
QLYS,Qualys Inc,71.35,3.35,+4.93%,73.9,66.86,489200,03/13/20,Technology
QNST,Quinstreet Inc,8.58,0.45,+5.54%,9.23,7.84,981600,03/13/20,Communication Services
RAVN,Raven Industries Inc,24.26,2.44,+11.18%,24.26,21.63,204200,03/13/20,Industrials
RC,Ready Capital Corp,10.74,0.37,+3.57%,10.87,9.54,613200,03/13/20,Real Estate
RCII,Rent-A-Center Inc,17.2,1.42,+9.00%,17.25,16.2,1191000,03/13/20,Industrials
RDNT,Radnet Inc,14.78,-0.39,-2.57%,15.96,13.84,662300,03/13/20,Healthcare
RECN,Resources Connect,10.39,0.37,+3.69%,10.58,9.8,191900,03/13/20,Industrials
REGI,Renewable Energy,28.5,9.09,+46.83%,28.5,19.26,1170400,03/13/20,Energy
REI,Ring Energy Inc,0.87,0.13,+17.15%,0.87,0.72,649600,03/13/20,Energy
RES,RPC Inc,2.05,-0.07,-3.30%,2.32,1.9,2816900,03/13/20,Energy
REX,Rex American Resources Corp,49.88,10.34,+26.15%,49.97,42.04,111300,03/13/20,Energy
RGNX,Regenxbio Inc,28.85,1.6,+5.87%,29.15,24.21,1254800,03/13/20,Healthcare
RGR,Sturm Ruger & Company,44.95,1.35,+3.10%,45.24,41.35,379800,03/13/20,Industrials
RGS,Regis Corp,9.21,-0.13,-1.39%,10.08,9.1,376400,03/13/20,Consumer Cyclical
RLGY,Realogy Holdings Corp,5.51,0.0,0.00%,6.01,5.07,3003000,03/13/20,Real Estate
RMAX,Re/Max Holdings Inc,27.35,3.79,+16.09%,27.35,23.57,413100,03/13/20,Real Estate
RMBS,Rambus Inc,10.33,0.59,+6.06%,10.72,9.59,1435800,03/13/20,Technology
ROCK,Gibraltar Ind Inc,40.85,-0.43,-1.04%,43.0,39.58,586100,03/13/20,Industrials
ROG,Rogers Corp,95.78,10.42,+12.21%,95.78,85.67,205400,03/13/20,Technology
ROIC,Retail Opp Invts Cp,12.59,0.56,+4.66%,12.59,11.1,2225000,03/13/20,Real Estate
RPT,Ramco-Gershenson Properties Trust,10.43,0.57,+5.78%,10.44,9.85,943000,03/13/20,Real Estate
RRC,Range Resources Corp,2.82,0.75,+36.23%,3.05,1.97,31865600,03/13/20,Energy
RRD,Donnelley [R.R.] & Sons Company,1.7,0.4,+30.77%,1.73,1.4,846900,03/13/20,Industrials
RRGB,Red Robin Gourmet Burgers Inc,9.17,1.26,+15.93%,9.33,7.75,860300,03/13/20,Consumer Cyclical
RUN,Sunrun Inc,11.2,-0.48,-4.11%,13.38,10.25,4773200,03/13/20,Technology
RUTH,Ruth's Hospitality,12.43,0.55,+4.63%,13.26,11.76,634600,03/13/20,Consumer Cyclical
RWT,Redwood Trust,12.56,-0.41,-3.16%,13.55,11.25,2783400,03/13/20,Real Estate
RYAM,Rayonier Advanced Materials Inc,1.22,0.22,+22.00%,1.33,1.1,1206800,03/13/20,Basic Materials
SAFE,Safehold Inc,51.14,4.68,+10.07%,51.61,45.84,302000,03/13/20,Real Estate
SAFT,Safety Ins Group Inc,76.54,8.17,+11.95%,76.54,69.51,156900,03/13/20,Financial Services
SAH,Sonic Automotive,18.2,0.9,+5.20%,18.43,16.58,544400,03/13/20,Consumer Cyclical
SAIA,Saia Inc,74.58,7.79,+11.66%,74.6,65.53,367300,03/13/20,Industrials
SANM,Sanmina Corp,21.18,1.3,+6.54%,22.15,19.45,875100,03/13/20,Technology
SBCF,Seacoast Banking Cp,20.17,1.79,+9.74%,20.22,18.34,363100,03/13/20,Financial Services
SBSI,Southside Bancshares,28.74,3.7,+14.78%,28.75,25.7,277100,03/13/20,Financial Services
SCHL,Scholastic Cp,29.82,2.38,+8.67%,29.84,28.1,338200,03/13/20,Communication Services
SCL,Stepan Company,82.99,11.64,+16.31%,83.24,73.69,193500,03/13/20,Basic Materials
SCSC,Scansource Inc,18.34,1.41,+8.33%,19.14,16.66,229600,03/13/20,Technology
SCVL,Shoe Carnival Inc,22.92,0.01,+0.04%,24.48,21.62,216200,03/13/20,Consumer Cyclical
SEM,Select Medical Holdings Corp,18.99,1.47,+8.39%,19.01,16.95,1445000,03/13/20,Healthcare
SENEA,Seneca Foods Cp A,33.79,4.22,+14.27%,34.5,29.55,44000,03/13/20,Consumer Defensive
SFBS,Servisfirst Bancs,28.86,3.12,+12.12%,28.91,26.0,349700,03/13/20,Financial Services
SFNC,Simmons First Natl,17.09,1.87,+12.29%,17.09,15.29,1171300,03/13/20,Financial Services
SGH,Smart Global Holdings Inc,19.51,1.12,+6.09%,20.12,16.98,424700,03/13/20,Technology
SHAK,Shake Shack Inc,38.7,2.49,+6.88%,39.33,36.19,2831600,03/13/20,Consumer Cyclical
SHEN,Shenandoah Telecom,44.06,4.74,+12.05%,44.06,38.73,283100,03/13/20,Communication Services
SHOO,Steven Maddens Ltd,27.77,0.95,+3.54%,28.4,25.17,1202500,03/13/20,Consumer Cyclical
SIG,Signet Jewelers Ltd,14.18,1.06,+8.08%,14.72,12.68,2371500,03/13/20,Consumer Cyclical
SJI,South Jersey Industries,24.58,1.57,+6.82%,24.76,22.76,1352600,03/13/20,Utilities
SKT,Tanger Factory Outlet Centers,8.95,0.27,+3.11%,9.29,8.28,4442400,03/13/20,Real Estate
SKYW,Skywest Inc,27.4,1.24,+4.74%,28.7,24.29,1197300,03/13/20,Industrials
SLCA,U.S. Silica Holdings Inc,1.26,0.08,+6.78%,1.37,1.17,3241000,03/13/20,Energy
SM,Sm Energy Company,2.33,0.61,+35.47%,2.34,1.65,13521700,03/13/20,Energy
SMP,Standard Motor Products,40.59,3.36,+9.02%,40.89,37.97,183600,03/13/20,Consumer Cyclical
SNBR,Sleep Number Corp,35.68,-0.6,-1.65%,38.34,33.33,783700,03/13/20,Consumer Cyclical
SPOK,Spok Holdings Inc,9.4,0.61,+6.94%,9.4,8.82,206800,03/13/20,Communication Services
SPPI,Spectrum Pharma Inc,2.33,0.2,+9.39%,2.34,1.94,1966800,03/13/20,Healthcare
SPSC,Sps Commerce Inc,45.19,3.65,+8.79%,45.23,41.05,351600,03/13/20,Technology
SPTN,Spartannash Company,10.43,1.08,+11.55%,10.43,9.0,801200,03/13/20,Consumer Defensive
SPXC,SPX Corp,36.65,2.27,+6.60%,36.86,34.59,364700,03/13/20,Industrials
SRDX,Surmodics Inc,26.03,-0.25,-0.95%,28.03,25.41,126600,03/13/20,Healthcare
SSD,Simpson Manufacturing Company,69.61,4.65,+7.16%,69.85,64.94,588900,03/13/20,Industrials
SSP,E.W. Scripps Company,9.81,1.9,+24.02%,9.81,7.94,903300,03/13/20,Communication Services
SSTK,Shutterstock Inc,33.8,3.82,+12.74%,33.8,31.45,491700,03/13/20,Communication Services
STAR,Istar Financial Inc,13.13,0.78,+6.32%,13.22,11.73,1527100,03/13/20,Real Estate
STBA,S&T Bancorp Inc,27.26,2.52,+10.19%,27.26,25.01,293400,03/13/20,Financial Services
STC,Stewart Information Services Corp,33.12,4.33,+15.04%,33.2,29.4,202400,03/13/20,Financial Services
STMP,Stamps.com Inc,114.9,6.15,+5.66%,116.51,106.4,395600,03/13/20,Technology
STRA,Strayer Education,158.09,16.29,+11.49%,158.5,139.59,183600,03/13/20,Consumer Defensive
SUPN,Supernus Pharm,16.36,0.35,+2.19%,16.93,15.34,1235100,03/13/20,Healthcare
SWM,Schweitzer-Mauduit International,28.18,2.13,+8.18%,28.19,25.55,347400,03/13/20,Basic Materials
SWN,Southwestern Energy Company,1.77,0.29,+19.59%,1.93,1.38,62125500,03/13/20,Energy
SXC,Suncoke Energy Inc,3.67,0.82,+28.77%,3.69,2.86,1169300,03/13/20,Basic Materials
SXI,Standex International Corp,46.2,4.47,+10.71%,46.2,41.6,81900,03/13/20,Industrials
SYKE,Sykes Enterprises,25.6,1.02,+4.15%,26.55,24.56,358400,03/13/20,Technology
TALO,Talos Energy Inc,6.8,-0.93,-12.03%,7.85,5.9,1227900,03/13/20,Energy
TBI,Trueblue Inc,12.99,0.95,+7.89%,12.99,12.04,395400,03/13/20,Industrials
TBK,Triumph Bancorp,22.86,2.77,+13.79%,22.98,20.67,261700,03/13/20,Financial Services
TCMD,Tactile Systems Technology Inc,39.88,1.34,+3.48%,41.44,36.48,284900,03/13/20,Healthcare
TG,Tredegar Corp,13.0,1.68,+14.84%,13.0,11.51,211700,03/13/20,Basic Materials
TGI,Triumph Group,9.08,0.27,+3.06%,9.8,6.42,2537700,03/13/20,Industrials
THRM,Gentherm Inc,35.67,1.77,+5.22%,36.52,32.96,238000,03/13/20,Consumer Cyclical
TILE,Interface Inc,9.74,0.71,+7.86%,9.84,8.82,651500,03/13/20,Consumer Cyclical
TISI,Team Inc,8.42,0.73,+9.49%,8.94,7.8,429300,03/13/20,Industrials
TIVO,Tivo Corp,6.02,0.08,+1.35%,6.41,5.65,1523200,03/13/20,Technology
TLRD,Tailored Brands Inc,2.06,0.04,+1.98%,2.26,1.4,5440800,03/13/20,Consumer Cyclical
TMP,Tompkinstrustco,68.24,6.49,+10.51%,68.24,62.14,66700,03/13/20,Financial Services
TMST,Timken Steel Corp,3.78,0.32,+9.25%,4.15,3.55,477000,03/13/20,Basic Materials
TNC,Tennant Company,59.24,5.62,+10.48%,59.24,53.85,115400,03/13/20,Industrials
TPRE,Third Point Reinsurance Ltd Company,7.47,0.61,+8.89%,7.48,6.89,916100,03/13/20,Financial Services
TRHC,Tabula Rasa Healthcare Inc,43.69,5.01,+12.95%,43.69,37.06,436200,03/13/20,Healthcare
TRST,Trustco Bank Corp NY,5.85,0.77,+15.16%,5.86,5.1,635200,03/13/20,Financial Services
TSE,Trinseo S.A.,16.86,2.23,+15.24%,16.89,15.02,725200,03/13/20,Basic Materials
TTEC,Teletech Hlds,33.85,0.89,+2.70%,35.1,31.93,231000,03/13/20,Technology
TTGT,Techtarget Inc,19.91,1.75,+9.64%,20.03,18.44,601600,03/13/20,Communication Services
TTI,Tetra Technologies,0.42,0.05,+13.51%,0.45,0.37,835500,03/13/20,Energy
TTMI,TTM Technologies,10.11,0.36,+3.69%,10.5,9.02,3021300,03/13/20,Technology
TUP,Tupperware Corp,2.05,-0.22,-9.69%,2.6,1.91,3032700,03/13/20,Consumer Cyclical
TVTY,Tivity Health,4.36,-0.57,-11.56%,5.59,4.22,5186000,03/13/20,Healthcare
TWI,Titan International,1.86,-0.06,-3.12%,2.08,1.72,653600,03/13/20,Industrials
UBA,Urstadt Biddle Properties Inc,16.7,2.63,+18.69%,16.7,14.34,193100,03/13/20,Real Estate
UCBI,United Comm Banks,19.36,1.91,+10.95%,19.41,17.3,537000,03/13/20,Financial Services
UCTT,Ultra Clean Holdings,17.03,1.19,+7.51%,17.18,15.23,633700,03/13/20,Technology
UEIC,Universal Elect IN,33.77,-0.06,-0.18%,35.57,33.07,102700,03/13/20,Technology
UFCS,United Fire Group,31.64,4.14,+15.05%,31.64,27.54,93200,03/13/20,Financial Services
UFI,Unifi Inc,15.45,1.33,+9.42%,15.46,14.18,122900,03/13/20,Consumer Cyclical
UFPI,Universal Forest Prd,39.78,3.92,+10.93%,39.78,35.18,695200,03/13/20,Basic Materials
UHT,Universal Health Realty Income Trust,84.49,3.9,+4.84%,85.27,77.36,112600,03/13/20,Real Estate
UIHC,United Insurance Hld,9.12,1.18,+14.86%,9.15,8.0,122200,03/13/20,Financial Services
UIS,Unisys Corp,9.38,0.79,+9.20%,9.7,8.5,1274100,03/13/20,Technology
UNF,Unifirst Corp,169.72,15.05,+9.73%,169.78,157.0,222300,03/13/20,Industrials
UNFI,United Nat Foods,5.72,0.29,+5.34%,6.0,5.31,2199600,03/13/20,Consumer Defensive
UNIT,Uniti Group Inc,6.7,0.14,+2.13%,7.47,6.23,3832800,03/13/20,Real Estate
USCR,U S Concrete Inc,15.33,0.06,+0.39%,17.58,14.54,588300,03/13/20,Basic Materials
USNA,Usana Health Sciences Inc,62.23,1.55,+2.55%,64.88,61.0,301200,03/13/20,Consumer Defensive
USPH,U.S. Physical Therapy,90.86,8.52,+10.35%,90.86,80.3,150800,03/13/20,Healthcare
UVE,Universal Insurance Holdings Inc,20.16,2.39,+13.45%,20.18,18.24,339700,03/13/20,Financial Services
UVV,Universal Corp,42.42,2.29,+5.71%,42.53,40.54,360700,03/13/20,Consumer Defensive
VAL,Valaris Plc,0.82,0.16,+24.82%,0.89,0.63,14093500,03/13/20,Energy
VBTX,Veritex Holdings,17.32,1.28,+7.98%,18.04,15.53,1031500,03/13/20,Financial Services
VECO,Veeco Instrument,10.18,0.28,+2.83%,10.65,9.51,349500,03/13/20,Technology
VG,Vonage Holdings,6.52,0.68,+11.64%,6.52,5.86,6341500,03/13/20,Communication Services
VGR,Vector Group Ltd,11.44,0.47,+4.28%,11.64,10.81,2022800,03/13/20,Consumer Defensive
VIAV,Viavi Solutions,11.22,1.1,+10.87%,11.22,10.03,3224200,03/13/20,Technology
VICR,Vicor Cp,38.85,6.01,+18.30%,38.89,33.33,452000,03/13/20,Technology
VIVO,Meridian Bioscience,6.33,0.76,+13.64%,6.33,5.51,1141300,03/13/20,Healthcare
VNDA,Vanda Pharmaceuticals,10.24,-0.08,-0.78%,10.8,9.42,1260100,03/13/20,Healthcare
VRA,Vera Bradley,5.12,0.27,+5.57%,5.41,4.63,419400,03/13/20,Consumer Cyclical
VREX,Varex Imaging Corp,19.85,-0.56,-2.74%,21.19,19.19,357100,03/13/20,Healthcare
VRTS,Virtus Inv Partners,84.87,4.3,+5.34%,88.54,77.12,64000,03/13/20,Financial Services
VRTU,Virtusa Corp,31.48,0.48,+1.55%,33.31,30.24,329100,03/13/20,Technology
VRTV,Veritiv Corp,7.25,0.98,+15.63%,7.25,6.26,184500,03/13/20,Industrials
VSTO,Vista Outdoor Inc,5.47,0.54,+10.95%,5.69,5.01,701800,03/13/20,Consumer Cyclical
VVI,Viad Corp,29.8,-0.99,-3.22%,32.34,28.11,423600,03/13/20,Industrials
WABC,Westamerica Bancorp,54.61,7.24,+15.28%,54.61,49.41,134900,03/13/20,Financial Services
WD,Walker & Dunlop,53.25,1.53,+2.96%,54.71,49.29,343900,03/13/20,Financial Services
WDFC,W D 40 Company,181.77,15.41,+9.26%,181.77,164.25,196800,03/13/20,Basic Materials
WDR,Waddell & Reed Financial,11.88,1.12,+10.41%,11.93,11.02,2572100,03/13/20,Financial Services
WETF,Wisdomtree Invstmnts,3.33,0.8,+31.62%,3.41,2.5,2293400,03/13/20,Financial Services
WGO,Winnebago Industries,32.99,1.74,+5.57%,34.0,30.07,820700,03/13/20,Consumer Cyclical
WING,Wingstop Inc,68.08,-0.18,-0.26%,72.87,63.69,885000,03/13/20,Consumer Cyclical
WIRE,Encore Wire Cp,43.84,3.22,+7.93%,43.9,41.22,168300,03/13/20,Industrials
WLL,Whiting Petroleum Corp,1.3,0.55,+72.80%,1.3,0.72,16673400,03/13/20,Energy
WNC,Wabash National Corp,8.69,0.84,+10.70%,8.7,7.8,922700,03/13/20,Industrials
WPG,Washington Prime Group Inc,1.7,0.31,+22.30%,1.84,1.4,9951000,03/13/20,Real Estate
WRE,Washington Real Estate Investment,26.61,2.58,+10.74%,26.61,24.1,642700,03/13/20,Real Estate
WRLD,World Acceptance Cp,62.61,4.61,+7.95%,70.82,52.42,182500,03/13/20,Financial Services
WSR,Whitestone REIT,9.91,1.14,+13.00%,9.91,8.83,694600,03/13/20,Real Estate
WTS,Watts Water Technologies,87.2,7.05,+8.80%,87.2,77.01,335800,03/13/20,Industrials
WWW,Wolverine World Wide,20.96,1.17,+5.91%,20.96,19.74,872400,03/13/20,Consumer Cyclical
XHR,Xenia Hotels & Resorts Inc,10.93,0.52,+5.00%,11.24,9.76,1273200,03/13/20,Real Estate
XNCR,Xencor Inc,26.47,0.96,+3.76%,27.65,22.78,797100,03/13/20,Healthcare
XPER,Xperi Corp,13.53,0.05,+0.37%,14.26,12.63,908300,03/13/20,Technology
ZEUS,Olympic Steel Inc,9.36,-0.15,-1.58%,10.16,9.03,86100,03/13/20,Basic Materials
ZUMZ,Zumiez Inc,19.16,0.8,+4.36%,26.12,17.41,1023000,03/13/20,Consumer Cyclical
